GROUP,PACKAGE,CLASS,INSTRUCTION_MISSED,INSTRUCTION_COVERED,BRANCH_MISSED,BRANCH_COVERED,LINE_MISSED,LINE_COVERED,COMPLEXITY_MISSED,COMPLEXITY_COVERED,METHOD_MISSED,METHOD_COVERED
cryptoWallet-webApp-P1,com.revature.crypto.web.util,ContextLoaderListener,151,0,0,0,30,0,2,0,2,0
cryptoWallet-webApp-P1,com.revature.crypto,OrmDriver,71,0,0,0,22,0,2,0,2,0
cryptoWallet-webApp-P1,com.revature.crypto,TestDependencyDriver,23,0,0,0,8,0,4,0,4,0
cryptoWallet-webApp-P1,com.revature.crypto,CoinbaseDAOTestDriver,18,0,0,0,5,0,2,0,2,0
cryptoWallet-webApp-P1,com.revature.crypto.web.servlets,ViewWalletServlet,137,0,4,0,35,0,4,0,2,0
cryptoWallet-webApp-P1,com.revature.crypto.web.servlets,RegistrationServlet,113,0,6,0,39,0,6,0,3,0
cryptoWallet-webApp-P1,com.revature.crypto.web.servlets,SellCoinServlet,87,0,6,0,26,0,5,0,2,0
cryptoWallet-webApp-P1,com.revature.crypto.web.servlets,LoginServlet,70,0,2,0,26,0,4,0,3,0
cryptoWallet-webApp-P1,com.revature.crypto.web.servlets,BuyCoinServlet,87,0,6,0,26,0,5,0,2,0
cryptoWallet-webApp-P1,com.revature.crypto.services,CoinService,223,0,26,0,43,0,21,0,8,0
cryptoWallet-webApp-P1,com.revature.crypto.services,UserService,104,47,29,9,20,8,24,2,5,2
